run_name,rebalance_every_n_days,partial_rebalance,ann_return,ann_vol,sharpe,max_drawdown,hit_rate,net_hit_rate,total_turnover,total_tc,outdir
mean_reversion_run_001_20260202_005438,1,0.1,-0.012798882350369824,0.04201811362255997,-0.30460392547222703,0.043392433992855466,0.4942084942084942,0.4826254826254826,40.1449324943796,0.0200724662471898,c:\Users\joelb\OneDrive - Nexus365\Docs\A Coding Practice\Quant_Practice_1\Python_files\..\data\mean_reversion_run_001_20260202_005438_2026-02-02_00-54-39
mean_reversion_run_002_20260202_005439,1,0.2,-0.007318458352692599,0.05291685273020536,-0.13830108888004908,0.05516255339716808,0.49613899613899615,0.48841698841698844,66.60535020119023,0.03330267510059512,c:\Users\joelb\OneDrive - Nexus365\Docs\A Coding Practice\Quant_Practice_1\Python_files\..\data\mean_reversion_run_002_20260202_005439_2026-02-02_00-54-39
mean_reversion_run_003_20260202_005440,1,0.30000000000000004,-0.004458393388259539,0.05931364168597949,-0.07516640795490745,0.062472183527525836,0.5038610038610039,0.47876447876447875,85.9814379004165,0.042990718950208257,c:\Users\joelb\OneDrive - Nexus365\Docs\A Coding Practice\Quant_Practice_1\Python_files\..\data\mean_reversion_run_003_20260202_005440_2026-02-02_00-54-40
mean_reversion_run_004_20260202_005440,1,0.4,-0.002936452532452519,0.06304661759548381,-0.04657589327461184,0.06680127927137569,0.5,0.4768339768339768,102.09502017886865,0.05104751008943432,c:\Users\joelb\OneDrive - Nexus365\Docs\A Coding Practice\Quant_Practice_1\Python_files\..\data\mean_reversion_run_004_20260202_005440_2026-02-02_00-54-40
mean_reversion_run_005_20260202_005440,1,0.5,-0.002187970538546638,0.06520748718372843,-0.0335539772048234,0.06957926816432124,0.4980694980694981,0.4749034749034749,116.98067452145891,0.058490337260729455,c:\Users\joelb\OneDrive - Nexus365\Docs\A Coding Practice\Quant_Practice_1\Python_files\..\data\mean_reversion_run_005_20260202_005440_2026-02-02_00-54-41
mean_reversion_run_006_20260202_005441,1,0.6,-0.0020190588036104722,0.06646312337307653,-0.030378632558041508,0.07154141445640494,0.49613899613899615,0.4806949806949807,131.66365061898583,0.06583182530949291,c:\Users\joelb\OneDrive - Nexus365\Docs\A Coding Practice\Quant_Practice_1\Python_files\..\data\mean_reversion_run_006_20260202_005441_2026-02-02_00-54-41
mean_reversion_run_007_20260202_005441,1,0.7000000000000001,-0.0023741032501631083,0.06720772433825713,-0.03532485697944813,0.07305901774048666,0.4980694980694981,0.47876447876447875,146.72109267752083,0.07336054633876044,c:\Users\joelb\OneDrive - Nexus365\Docs\A Coding Practice\Quant_Practice_1\Python_files\..\data\mean_reversion_run_007_20260202_005441_2026-02-02_00-54-42
mean_reversion_run_008_20260202_005442,1,0.8,-0.003276004161879115,0.06767892488915057,-0.04840508573746984,0.07439036803789899,0.4980694980694981,0.4768339768339768,162.53747706027394,0.08126873853013697,c:\Users\joelb\OneDrive - Nexus365\Docs\A Coding Practice\Quant_Practice_1\Python_files\..\data\mean_reversion_run_008_20260202_005442_2026-02-02_00-54-42
mean_reversion_run_009_20260202_005442,1,0.9,-0.004836455315180282,0.06802496798101852,-0.07109823729031128,0.07581877406316952,0.5038610038610039,0.47104247104247104,179.6155232881775,0.08980776164408875,c:\Users\joelb\OneDrive - Nexus365\Docs\A Coding Practice\Quant_Practice_1\Python_files\..\data\mean_reversion_run_009_20260202_005442_2026-02-02_00-54-42
mean_reversion_run_010_20260202_005442,1,1.0,-0.007259474235019456,0.06833952348866192,-0.10622658550178306,0.0776637176211437,0.5019305019305019,0.47297297297297297,198.7280785124733,0.09936403925623666,c:\Users\joelb\OneDrive - Nexus365\Docs\A Coding Practice\Quant_Practice_1\Python_files\..\data\mean_reversion_run_010_20260202_005442_2026-02-02_00-54-43
mean_reversion_run_011_20260202_005443,5,0.1,-0.011581863878676185,0.023964791335052017,-0.48328665652665265,0.030752740686170385,0.44015444015444016,0.4343629343629344,9.997119596525394,0.004998559798262697,c:\Users\joelb\OneDrive - Nexus365\Docs\A Coding Practice\Quant_Practice_1\Python_files\..\data\mean_reversion_run_011_20260202_005443_2026-02-02_00-54-43
mean_reversion_run_012_20260202_005443,5,0.2,-0.01602538958292472,0.03407856307838446,-0.47024839474788166,0.03914129588755801,0.4613899613899614,0.4575289575289575,19.72499514829551,0.009862497574147755,c:\Users\joelb\OneDrive - Nexus365\Docs\A Coding Practice\Quant_Practice_1\Python_files\..\data\mean_reversion_run_012_20260202_005443_2026-02-02_00-54-43
mean_reversion_run_013_20260202_005443,5,0.30000000000000004,-0.01928750582288388,0.04115901003229294,-0.4686095658702942,0.04598334965463619,0.48455598455598453,0.4768339768339768,29.245330403904454,0.01462266520195223,c:\Users\joelb\OneDrive - Nexus365\Docs\A Coding Practice\Quant_Practice_1\Python_files\..\data\mean_reversion_run_013_20260202_005443_2026-02-02_00-54-43
mean_reversion_run_014_20260202_005443,5,0.4,-0.020538112019412056,0.04661363100792113,-0.44060313636416737,0.05066259573101978,0.4942084942084942,0.48455598455598453,38.58243765632097,0.019291218828160487,c:\Users\joelb\OneDrive - Nexus365\Docs\A Coding Practice\Quant_Practice_1\Python_files\..\data\mean_reversion_run_014_20260202_005443_2026-02-02_00-54-44
mean_reversion_run_015_20260202_005444,5,0.5,-0.020426744131283505,0.05123318595259555,-0.39870142274938214,0.054639471201837465,0.48455598455598453,0.47104247104247104,47.74403889009378,0.023872019445046893,c:\Users\joelb\OneDrive - Nexus365\Docs\A Coding Practice\Quant_Practice_1\Python_files\..\data\mean_reversion_run_015_20260202_005444_2026-02-02_00-54-44
mean_reversion_run_016_20260202_005444,5,0.6,-0.019544970137924996,0.05539855699853793,-0.35280648444400503,0.06069358414004509,0.47876447876447875,0.4691119691119691,56.76603607455631,0.028383018037278152,c:\Users\joelb\OneDrive - Nexus365\Docs\A Coding Practice\Quant_Practice_1\Python_files\..\data\mean_reversion_run_016_20260202_005444_2026-02-02_00-54-44
mean_reversion_run_017_20260202_005444,5,0.7000000000000001,-0.018213275749006042,0.059281985601039755,-0.30723120294213957,0.06644409592159578,0.4671814671814672,0.4613899613899614,65.66381003319334,0.03283190501659667,c:\Users\joelb\OneDrive - Nexus365\Docs\A Coding Practice\Quant_Practice_1\Python_files\..\data\mean_reversion_run_017_20260202_005444_2026-02-02_00-54-44
mean_reversion_run_018_20260202_005444,5,0.8,-0.016583658188199246,0.06295644362876826,-0.2634147869912598,0.07167600724461211,0.4768339768339768,0.4613899613899614,74.47784266405445,0.03723892133202723,c:\Users\joelb\OneDrive - Nexus365\Docs\A Coding Practice\Quant_Practice_1\Python_files\..\data\mean_reversion_run_018_20260202_005444_2026-02-02_00-54-44
mean_reversion_run_019_20260202_005444,5,0.9,-0.014768944540893933,0.0664484658468439,-0.2222616331720082,0.07612823773041738,0.4768339768339768,0.4613899613899614,83.33518561381294,0.04166759280690647,c:\Users\joelb\OneDrive - Nexus365\Docs\A Coding Practice\Quant_Practice_1\Python_files\..\data\mean_reversion_run_019_20260202_005444_2026-02-02_00-54-45
mean_reversion_run_020_20260202_005445,5,1.0,-0.012941826105458114,0.06976583395538978,-0.18550378275035714,0.07958352870905057,0.47876447876447875,0.46525096525096526,92.53534044780267,0.04626767022390134,c:\Users\joelb\OneDrive - Nexus365\Docs\A Coding Practice\Quant_Practice_1\Python_files\..\data\mean_reversion_run_020_20260202_005445_2026-02-02_00-54-45
mean_reversion_run_021_20260202_005445,10,0.1,-0.010016872522054843,0.01735363513977644,-0.57722041758819,0.023725644795602824,0.4034749034749035,0.4034749034749035,5.151919478369413,0.0025759597391847066,c:\Users\joelb\OneDrive - Nexus365\Docs\A Coding Practice\Quant_Practice_1\Python_files\..\data\mean_reversion_run_021_20260202_005445_2026-02-02_00-54-45
mean_reversion_run_022_20260202_005445,10,0.2,-0.01290732173753254,0.025128824795966166,-0.5136460555690014,0.02926216188921371,0.444015444015444,0.4420849420849421,10.470654097831732,0.005235327048915866,c:\Users\joelb\OneDrive - Nexus365\Docs\A Coding Practice\Quant_Practice_1\Python_files\..\data\mean_reversion_run_022_20260202_005445_2026-02-02_00-54-45
mean_reversion_run_023_20260202_005445,10,0.30000000000000004,-0.015979197256451125,0.03137915098201095,-0.5092297514872752,0.036443256682399894,0.4613899613899614,0.45366795366795365,16.005538813181154,0.008002769406590575,c:\Users\joelb\OneDrive - Nexus365\Docs\A Coding Practice\Quant_Practice_1\Python_files\..\data\mean_reversion_run_023_20260202_005445_2026-02-02_00-54-45
mean_reversion_run_024_20260202_005445,10,0.4,-0.018811400966575107,0.0365470626345854,-0.5147171786323919,0.04311740622504634,0.47104247104247104,0.46525096525096526,21.80254686774142,0.010901273433870711,c:\Users\joelb\OneDrive - Nexus365\Docs\A Coding Practice\Quant_Practice_1\Python_files\..\data\mean_reversion_run_024_20260202_005445_2026-02-02_00-54-45
mean_reversion_run_025_20260202_005445,10,0.5,-0.0209418642666053,0.040913409437809536,-0.5118582038106113,0.04842290557723483,0.46525096525096526,0.4575289575289575,27.926121354225707,0.013963060677112853,c:\Users\joelb\OneDrive - Nexus365\Docs\A Coding Practice\Quant_Practice_1\Python_files\..\data\mean_reversion_run_025_20260202_005445_2026-02-02_00-54-46
mean_reversion_run_026_20260202_005446,10,0.6,-0.022311111370070982,0.0447841016267402,-0.4981926746242736,0.052286415310800693,0.4594594594594595,0.4517374517374517,34.45469783465387,0.017227348917326933,c:\Users\joelb\OneDrive - Nexus365\Docs\A Coding Practice\Quant_Practice_1\Python_files\..\data\mean_reversion_run_026_20260202_005446_2026-02-02_00-54-46
mean_reversion_run_027_20260202_005446,10,0.7000000000000001,-0.02306895893094877,0.04843901176730325,-0.47624751392059805,0.055044276396544634,0.4555984555984556,0.44787644787644787,41.47308595234438,0.02073654297617219,c:\Users\joelb\OneDrive - Nexus365\Docs\A Coding Practice\Quant_Practice_1\Python_files\..\data\mean_reversion_run_027_20260202_005446_2026-02-02_00-54-46
mean_reversion_run_028_20260202_005446,10,0.8,-0.023474735898813718,0.052118374200316446,-0.45041189904713463,0.05897227891244483,0.4575289575289575,0.444015444015444,49.098511935283575,0.02454925596764179,c:\Users\joelb\OneDrive - Nexus365\Docs\A Coding Practice\Quant_Practice_1\Python_files\..\data\mean_reversion_run_028_20260202_005446_2026-02-02_00-54-46
mean_reversion_run_029_20260202_005446,10,0.9,-0.02385601648711631,0.05602074283744003,-0.42584255900249773,0.0658650063981625,0.47297297297297297,0.4613899613899614,57.506715136579075,0.02875335756828954,c:\Users\joelb\OneDrive - Nexus365\Docs\A Coding Practice\Quant_Practice_1\Python_files\..\data\mean_reversion_run_029_20260202_005446_2026-02-02_00-54-46
mean_reversion_run_030_20260202_005446,10,1.0,-0.02459135198416722,0.060307666435935346,-0.4077649399731051,0.07263859727309308,0.48455598455598453,0.4768339768339768,66.99192825747932,0.03349596412873966,c:\Users\joelb\OneDrive - Nexus365\Docs\A Coding Practice\Quant_Practice_1\Python_files\..\data\mean_reversion_run_030_20260202_005446_2026-02-02_00-54-46
